source_content_id,target_content_id,anchor_text,href
1,,Kentucky Bluegrass,https://naturesseed.com/grass-seed/kentucky-bluegrass/
1,,Ryegrass,https://naturesseed.com/grass-seed/perennial-ryegrass/
1,,fescues,https://naturesseed.com/grass-seed/fescue-grass/
1,,Bahiagrass,https://naturesseed.com/pasture-seed/individual-pasture-species/bahia-grass/
1,,Bermuda grass,https://naturesseed.com/grass-seed/bermuda-grass/
1,,Indiangrass,https://naturesseed.com/pasture-seed/individual-pasture-species/indiangrass/
1,,pasture seed,https://naturesseed.com/pasture-seed/
2,990,Nature’s Seed,https://naturesseed.com/
2,,pasture seed,https://naturesseed.com/pasture-seed/
3,,pasture seed,https://naturesseed.com/pasture-seed/
3,990,Nature’s Seed,https://naturesseed.com
4,,Pasture Seed,https://naturesseed.com/pasture-seed/
5,990,grass seed for your climate at Nature’s Seed,https://naturesseed.com/
6,,Zoysiagrass,https://naturesseed.com/grass-seed/zoysia-grass/
6,,Buffalograss,https://naturesseed.com/grass-seed/buffalograss/
6,,Bermudagrass,https://naturesseed.com/grass-seed/bermuda-grass/
6,,Kentucky bluegrass,https://naturesseed.com/grass-seed/kentucky-bluegrass/
6,,tall fescue,https://naturesseed.com/pasture-seed/individual-pasture-species/tall-fescue/
6,,bahia grass,https://naturesseed.com/grass-seed/bahia-grass/
6,462,fine fescue,https://naturesseed.com/products/grass-seed/fine-fescue-grass-seed-mix/
6,990,Nature’s Seed,https://naturesseed.com/
6,,Browse our selection,https://naturesseed.com/grass-seed/
7,,Endophyte-Free Tall Fescue,https://naturesseed.com/grass-seed/fescue-grass/
7,,best pasture grass for cattle,https://naturesseed.com/pasture-seed/cattle-pastures/
7,,Kentucky Bluegrass,https://naturesseed.com/grass-seed/kentucky-bluegrass/
7,,Nature’s Seed Horse Pastures,https://naturesseed.com/pasture-seed/horse-pastures/?_gl=1*g4hv43*_gcl_au*MTY3ODYyOTE5Ny4xNzQ2NDYwMjAw*_ga*OTk0NjA0NTcwLjE3MTI4NzI2NjU.*_ga_WGTSPJ0ESZ*MTc0NjQ2MDE5OS40Ny4xLjE3NDY0NjAyMDcuNTIuMC44OTU0NDY5MQ..
7,990,Nature’s Seed,https://www.naturesseed.com/
7,990,seed selector,https://naturesseed.com/?_gl=1*1ou43h*_gcl_au*MTY3ODYyOTE5Ny4xNzQ2NDYwMjAw*_ga*OTk0NjA0NTcwLjE3MTI4NzI2NjU.*_ga_WGTSPJ0ESZ*czE3NDc4NDgzNTAkbzUzJGcxJHQxNzQ3ODQ5ODEyJGo2MCRsMCRoMzU5MjM0OTUkZEVlZzl5RDRtQlFRR08yRm1FMGxUVmN1eXpVRTBXbzN3SlE.
8,,pasture seed,https://naturesseed.com/pasture-seed/
8,,cowpeas,https://naturesseed.com/pasture-seed/individual-pasture-species/cowpeas/
8,,collards,https://naturesseed.com/pasture-seed/individual-pasture-species/collards/
8,,wildrye,https://naturesseed.com/pasture-seed/individual-pasture-species/basin-wildrye/
8,,common vetch,https://naturesseed.com/pasture-seed/individual-pasture-species/common-vetch/
8,990,Nature’s Seed,https://naturesseed.com/
9,990,Nature’s Seed,https://naturesseed.com/
9,,high-quality grass seed,https://naturesseed.com/grass-seed/
10,990,Nature’s Seed,https://naturesseed.com/
10,,specialty seed,https://naturesseed.com/specialty-seed/
10,,browse our products,https://naturesseed.com/grass-seed/
13,454,Jimmy’s Blue Ribbon Premium Grass Seed Mix,https://naturesseed.com/products/grass-seed/jimmys-blue-ribbon-premium-grass-seed-mix/
15,,Bermuda grass seed,https://www.naturesseed.com/grass-seed/bermuda-grass/
15,,planting Bermuda grass seed,https://www.naturesseed.com/grass-seed/bermuda-grass/how-to-fertilize-your-new-bermudagrass-seed-lawn/
15,990,Nature’s Seed,https://www.naturesseed.com/
16,,Kentucky Bluegrass,https://naturesseed.com/grass-seed/kentucky-bluegrass/
16,,Perennial Ryegrass,https://naturesseed.com/grass-seed/perennial-ryegrass/
16,,Fescue Varieties,https://naturesseed.com/grass-seed/fescue-grass/
18,,Heartland collection,https://naturesseed.com/heartland-collection/
18,990,Nature’s Seed,https://www.naturesseed.com/
19,,Heartland collection,https://naturesseed.com/heartland-collection/
19,330,Contact us,https://www.naturesseed.com/contact-us/
20,,Heartland collection,https://naturesseed.com/heartland-collection/
20,,Midwest pasture seed,https://www.naturesseed.com/pasture-seed/by-region/mid-west-mid-atlantic-pasture-seed/
20,990,Nature’s Seed,https://www.naturesseed.com/
21,,Fescue,https://www.naturesseed.com/grass-seed/fescue-grass/
21,,Ryegrass,https://www.naturesseed.com/grass-seed/perennial-ryegrass/
21,,Kentucky bluegrass,https://www.naturesseed.com/grass-seed/kentucky-bluegrass/
21,,Bentgrass,https://www.naturesseed.com/grass-seed/bentgrass/
21,,Bahia,https://www.naturesseed.com/grass-seed/bahia-grass/
21,,Bermudagrass,https://www.naturesseed.com/grass-seed/bermuda-grass/
21,,Zoysia,https://www.naturesseed.com/grass-seed/zoysia-grass/
21,,Buffalograss,https://www.naturesseed.com/grass-seed/buffalograss/
21,,SeedSelector Map,https://www.naturesseed.com/grass-seed/
21,990,Nature’s Seed,https://www.naturesseed.com/
22,,Zoysia grass seed,https://www.naturesseed.com/grass-seed/zoysia-grass/
22,,Bermuda grass seed,https://www.naturesseed.com/grass-seed/bermuda-grass/bermudagrass-seed-blend/
22,419,Buffalograss seed,https://naturesseed.com/products/pasture-seed/buffalograss/
22,990,Nature’s Seed,https://www.naturesseed.com/
23,,Kentucky Bluegrass,https://www.naturesseed.com/grass-seed/kentucky-bluegrass/
23,,Fescue,https://www.naturesseed.com/grass-seed/fescue-grass/
23,,Bermudagrass,https://www.naturesseed.com/grass-seed/bermuda-grass/
23,,Zoysia,https://www.naturesseed.com/grass-seed/zoysia-grass/
23,990,Nature’s Seed,/
30,416,switchgrass,https://naturesseed.com/products/pasture-seed/switchgrass-seed/
30,990,Shop our seeds,https://www.naturesseed.com/
32,,Reseeding your lawn,https://naturesseed.com/11-tips-for-spring-grass-reseeding/
32,,the Seed Selector tool,https://naturesseed.com/grass-seed/by-region-grass-seed/
32,415,Bahiagrass,https://naturesseed.com/products/pasture-seed/bahia-grass/
32,,Bermudagrass,https://naturesseed.com/grass-seed/bermuda-grass/bermudagrass-seed-blend/
32,419,Buffalograss,https://naturesseed.com/products/pasture-seed/buffalograss/
32,,Zoysia grass,https://naturesseed.com/grass-seed/zoysia-grass/
32,,Kentucky bluegrass,https://naturesseed.com/grass-seed/kentucky-bluegrass/
32,,Perennial ryegrass,https://naturesseed.com/grass-seed/perennial-ryegrass/
32,,Fescue grasses,https://naturesseed.com/grass-seed/fescue-grass/
32,429,White dutch clover,https://naturesseed.com/products/clover-seed/white-dutch-clover/
32,990,Nature’s Seed,https://www.naturesseed.com/
34,,erosion control blends,https://naturesseed.com/specialty-seed/erosion-control-blends/
34,,wildfire-resistant blends,https://naturesseed.com/specialty-seed/wildfire-resistant-blends/
34,,Southwest Transitional blend,https://naturesseed.com/specialty-seed/wildfire-resistant-blends/southwest-transitional-wildfire-resistant-mix/
34,,restoration blends,https://naturesseed.com/specialty-seed/wetland-restoration-blends/
34,330,contact Nature’s Seed,https://naturesseed.com/contact-us/
35,,Pinkladies,https://naturesseed.com/wildflower-seed/individual-wildflower-species/pinkladies/
35,,Blanket Flower,https://naturesseed.com/wildflower-seed/individual-wildflower-species/blanket-flower/
35,,Five Spot,https://naturesseed.com/wildflower-seed/individual-wildflower-species/five-spot/
35,,Globe Gilia,https://naturesseed.com/wildflower-seed/individual-wildflower-species/globe-gilia/
35,,Baby Blue Eyes,https://naturesseed.com/wildflower-seed/individual-wildflower-species/baby-blue-eyes/
35,,Baby Snapdragon,https://naturesseed.com/wildflower-seed/individual-wildflower-species/baby-snapdragon/
35,,Bachelor Button,https://naturesseed.com/wildflower-seed/individual-wildflower-species/bachelor-button/
35,,Lemon Mint,https://naturesseed.com/wildflower-seed/individual-wildflower-species/lemon-mint/
35,,New England Aster,https://naturesseed.com/wildflower-seed/individual-wildflower-species/new-england-aster/
35,,Standing Cypress,https://naturesseed.com/wildflower-seed/individual-wildflower-species/standing-cypress/
35,,Sulphur Cosmos,https://naturesseed.com/wildflower-seed/individual-wildflower-species/sulphur-cosmos/
35,,Sweet William,https://naturesseed.com/wildflower-seed/individual-wildflower-species/sweet-william-catchfly/
35,,Seed Selector,https://naturesseed.com/seed-selector/
36,,bermudagrass,https://naturesseed.com/grass-seed/bermuda-grass/bermudagrass-seed-blend/
36,330,Give us a call,https://naturesseed.com/contact-us/
36,417,Blue Grama,https://naturesseed.com/products/pasture-seed/blue-grama/
36,,Bottlebrush Squirreltail,https://naturesseed.com/pasture-seed/individual-pasture-species/bottlebrush-squirreltail/
37,388,Western Yarrow,https://naturesseed.com/products/wildflower-seed/western-yarrow/
37,,Eastern Red Columbine,https://naturesseed.com/wildflower-seed/individual-wildflower-species/eastern-red-columbine/
37,,Wild Bergamot,https://naturesseed.com/wildflower-seed/individual-wildflower-species/wild-bergamot/
38,990,find the right mix,https://www.naturesseed.com/
38,429,Shop White Clover Seed,https://naturesseed.com/products/clover-seed/white-dutch-clover/
38,,Kentucky bluegrass,https://www.naturesseed.com/grass-seed/kentucky-bluegrass/
38,410,Shop Microclover Seed,https://naturesseed.com/products/clover-seed/microclover/
38,,Use Our Seed Selector,https://naturesseed.com/seed-selector/
38,330,Contact us,https://naturesseed.com/contact-us/
38,,,https://www.naturesseed.com/seed-selector/
40,,Mid-Atlantic Erosion Control Seed Mix,https://www.naturesseed.com/specialty-seed/erosion-control-blends/mid-west-mid-atlantic-erosion-control-mix/
40,,erosion control mix,https://www.naturesseed.com/specialty-seed/erosion-control-blends/southern-subtropics-erosion-control-mix/
40,,seed mix that contains common Bermudagrass,https://www.naturesseed.com/specialty-seed/erosion-control-blends/southwest-semi-arid-steppe-erosion-control-mix/
40,,erosion-control seed blend,https://www.naturesseed.com/specialty-seed/erosion-control-blends/florida-tropics-erosion-control-mix/
40,,Browse our selection of erosion control seeds,https://www.naturesseed.com/specialty-seed/erosion-control-blends/
41,,TWCA Water-Wise Bluegrass Blend,https://naturesseed.com/grass-seed/kentucky-bluegrass/water-wise-bluegrass-blend/
41,,"Seed Aid – Cover Grow, Water Retaining Seed Starting Mulch",https://naturesseed.com/planting-aids/seed-aide-cover-grow-water-retaining-seed-starting-mulch/
41,399,Rice Hulls,https://naturesseed.com/products/planting-aids/rice-hull/
41,,Little Bluestem,https://naturesseed.com/grass-seed/ornamental-grasses/little-bluestem/
41,,Indian Ricegrass,https://naturesseed.com/pasture-seed/individual-pasture-species/indian-ricegrass/
41,,Cover crops,https://naturesseed.com/specialty-seed/green-manure-cover-crops/
41,,customercare@naturesseed.com,mailto:customercare@naturesseed.com
42,,Pasture pigs,https://naturesseed.com/pasture-seed/pig-pastures/
42,,Smooth Brome,https://naturesseed.com/pasture-seed/individual-pasture-species/smooth-brome/
42,,Kentucky Bluegrass,https://naturesseed.com/pasture-seed/individual-pasture-species/kentucky-bluegrass/
42,,Orchardgrass,https://naturesseed.com/pasture-seed/individual-pasture-species/orchardgrass/
42,,Common Bermuda,https://naturesseed.com/pasture-seed/individual-pasture-species/common-bermudagrass/
42,,Bahia,https://naturesseed.com/pasture-seed/individual-pasture-species/bahia-grass/
42,423,Timothy,https://naturesseed.com/products/pasture-seed/timothy/
42,422,Alfalfa,https://naturesseed.com/products/pasture-seed/alfalfa/
42,395,White Clover,https://naturesseed.com/products/clover-seed/white-clover/
42,,Strawberry Clover,https://naturesseed.com/pasture-seed/individual-pasture-species/strawberry-clover/
42,849,Red Clover,https://naturesseed.com/products/clover-seed/red-clover-seed/
42,,Field Pea,https://naturesseed.com/pasture-seed/individual-pasture-species/field-pea/
42,,Birdsfoot Trefoil,https://naturesseed.com/pasture-seed/individual-pasture-species/birdsfoot-trefoil/
42,,Sainfoin,https://naturesseed.com/pasture-seed/individual-pasture-species/sainfoin/
42,,Triticale,https://naturesseed.com/pasture-seed/individual-pasture-species/triticale/
42,,Hybrid Pearl Millet,https://naturesseed.com/pasture-seed/individual-pasture-species/hybrid-pearl-millet/
42,,Barley,https://naturesseed.com/pasture-seed/individual-pasture-species/barley/
42,,Oats,https://naturesseed.com/pasture-seed/individual-pasture-species/oats/
42,,Forage Radish,https://naturesseed.com/pasture-seed/individual-pasture-species/forage-radish/
42,,Forage Chicory,https://naturesseed.com/pasture-seed/individual-pasture-species/forage-chicory/
42,,Small Burnet,https://naturesseed.com/pasture-seed/individual-pasture-species/small-burnet/
43,458,slow-release nitrogen-rich fertilizer,https://naturesseed.com/product/organic-maintenance-fertilizer-18-1-8fe/
43,419,buffalograss,https://naturesseed.com/products/pasture-seed/buffalograss/
43,,zoysiagrass,https://naturesseed.com/grass-seed/zoysia-grass/zoysia-grass-seed/
43,,Bluegrasses,https://naturesseed.com/grass-seed/kentucky-bluegrass/water-wise-bluegrass-blend/
43,,fescues,https://naturesseed.com/grass-seed/fescue-grass/amity-tall-fescue/
43,,Tall Fescue,https://naturesseed.com/grass-seed/fescue-grass/triple-play-tall-fescue-seed-blend/
43,,Kentucky Bluegrass,https://naturesseed.com/grass-seed/kentucky-bluegrass/kentucky-bluegrass-seed-blue-ribbon-mix/
43,420,Perennial Ryegrass,https://naturesseed.com/products/pasture-seed/perennial-ryegrass/
43,462,Fescue,https://naturesseed.com/products/grass-seed/fine-fescue-grass-seed-mix/
43,459,Organic Seed Starter Fertilizer 4-6-4,https://naturesseed.com/products/planting-aids/organic-seed-starter-fertilizer-4-6-4/
43,,"Seed Aide® – Cover Grow™, Water Retaining Seed Starting Mulch",https://naturesseed.com/planting-aids/seed-aide-cover-grow-water-retaining-seed-starting-mulch/
43,750,Shoulder Strap Broadcast Seed Spreader,https://naturesseed.com/products/planting-aids/shoulder-bag-seeder-spreader/
44,,Tidy Tips,https://naturesseed.com/wildflower-seed/individual-wildflower-species/tidy-tips/
44,,Echinacea,https://naturesseed.com/wildflower-seed/individual-wildflower-species/echinacea/
44,,Black-eyed Susan,https://naturesseed.com/wildflower-seed/individual-wildflower-species/black-eyed-susan/
44,773,Butterfly Milkweed,https://naturesseed.com/products/wildflower-seed/butterfly-milkweed-wildflower-seed/
44,406,California Poppy,https://naturesseed.com/products/wildflower-seed/california-poppy/
44,,Wild Bergamot,https://naturesseed.com/wildflower-seed/individual-wildflower-species/wild-bergamot/
44,393,Blue-Eyed Grass,https://naturesseed.com/products/wildflower-seed/blue-eyed-grass/
44,343,Drummond Phlox,https://naturesseed.com/products/wildflower-seed/drummond-phlox-seeds/
44,,wildflower varieties,https://naturesseed.com/wildflower-seed/regional-wildflower-mixes/
44,,pollinator blends,https://naturesseed.com/specialty-seed/pollinator-seed-blends/
45,,Creeping Red Fescue,https://naturesseed.com/grass-seed/fescue-grass/creeping-red-fescue-grass/
45,,Blue Wildrye,https://naturesseed.com/pasture-seed/individual-pasture-species/blue-wildrye/
45,,Desert Daisy,https://naturesseed.com/wildflower-seed/individual-wildflower-species/desert-daisy/
45,,Sand Dropseed,https://naturesseed.com/pasture-seed/individual-pasture-species/sand-dropseed/
45,,Idaho Fescue,https://naturesseed.com/pasture-seed/individual-pasture-species/idaho-fescue/
45,388,Yarrow,https://naturesseed.com/products/wildflower-seed/western-yarrow/
45,393,Blue-Eyed Grass,https://naturesseed.com/products/wildflower-seed/blue-eyed-grass/
45,,Purple Three Awn,https://naturesseed.com/grass-seed/ornamental-grasses/purple-three-awn/
45,,Brittlebush,https://naturesseed.com/wildflower-seed/individual-wildflower-species/brittlebush/
45,417,Blue Grama,https://naturesseed.com/products/pasture-seed/blue-grama/
45,,Bottlebrush Squirreltail,https://naturesseed.com/pasture-seed/individual-pasture-species/bottlebrush-squirreltail/
46,,Idaho Fescue,https://naturesseed.com/pasture-seed/individual-pasture-species/idaho-fescue/
46,,Indian Ricegrass,https://naturesseed.com/pasture-seed/individual-pasture-species/indian-ricegrass/
46,,Blue Wildrye,https://naturesseed.com/pasture-seed/individual-pasture-species/blue-wildrye/
46,,Bluebunch Wheatgrass,https://naturesseed.com/pasture-seed/individual-pasture-species/bluebunch-wheatgrass/
46,,Bottlebrush Squirreltail,https://naturesseed.com/pasture-seed/individual-pasture-species/bottlebrush-squirreltail/
47,,Splitleaf Indian Paintbrush,https://naturesseed.com/wildflower-seed/individual-wildflower-species/splitleaf-indian-paintbrush/
47,,Showy Milkweed,https://naturesseed.com/wildflower-seed/individual-wildflower-species/showy-milkweed/
47,,Sand Dropseed,https://naturesseed.com/pasture-seed/individual-pasture-species/sand-dropseed/
47,,Bluebunch Wheatgrass,https://naturesseed.com/pasture-seed/individual-pasture-species/bluebunch-wheatgrass/
48,,lawn mixes,https://naturesseed.com/grass-seed/
48,,clover,https://naturesseed.com/grass-seed/clover-seeds-lawn-additive/
48,,meadow-type grasses,https://naturesseed.com/grass-seed/fescue-grass/low-maintenance-seed-mix/
48,419,buffalograss,https://naturesseed.com/products/pasture-seed/buffalograss/
48,,wildflowers,https://naturesseed.com/wildflower-seed/
48,,ornamental grasses,https://naturesseed.com/grass-seed/ornamental-grasses/
49,,Blue Ribbon blend,https://naturesseed.com/grass-seed/kentucky-bluegrass/kentucky-bluegrass-seed-blue-ribbon-mix/
54,,a horse pasture seed mix,https://naturesseed.com/pasture-seed/horse-pastures/
55,,Bermuda grass seed,https://naturesseed.com/grass-seed/bermuda-grass/bermudagrass-seed-blend/
55,990,Nature’s Seed,https://www.naturesseed.com/
57,,Kentucky bluegrass,https://naturesseed.com/grass-seed/kentucky-bluegrass/kentucky-bluegrass-seed-blue-ribbon-mix/
57,,perennial ryegrass,https://naturesseed.com/grass-seed/perennial-ryegrass/
58,,Kentucky bluegrass,https://www.naturesseed.com/grass-seed/kentucky-bluegrass/
58,,Perennial ryegrass,https://www.naturesseed.com/grass-seed/perennial-ryegrass/
58,,Fescue grass,https://www.naturesseed.com/grass-seed/fescue-grass/
58,415,Bahia grass,https://naturesseed.com/products/pasture-seed/bahia-grass/
58,,Bermuda Grass,https://www.naturesseed.com/grass-seed/bermuda-grass/bermudagrass-seed-blend/
58,419,Buffalo grass,https://naturesseed.com/products/pasture-seed/buffalograss/
58,,Zoysia grass,https://www.naturesseed.com/grass-seed/zoysia-grass/zoysia-grass-seed/
59,,Rocky Montain Penstemon:,https://naturesseed.com/wildflower-seed/individual-wildflower-species/rocky-mountain-penstemon/
59,,Palmer Penstemon:,https://naturesseed.com/wildflower-seed/individual-wildflower-species/palmer-s-penstemon/
59,,Blue Mountain,https://www.naturesseed.com/wildflower-seed/individual-wildflower-species/blue-mountain-penstemon/
59,,Penstemon,https://naturesseed.com/wildflower-seed/individual-wildflower-species/blue-mountain-penstemon/
59,,Firecracker,https://www.naturesseed.com/wildflower-seed/individual-wildflower-species/firecracker-penstemon/
59,,Penstemon,https://naturesseed.com/wildflower-seed/individual-wildflower-species/firecracker-penstemon/
59,,Parry,https://naturesseed.com/wildflower-seed/individual-wildflower-species/parry-penstemon/
59,,Penstemon:,https://www.naturesseed.com/wildflower-seed/individual-wildflower-species/parry-penstemon/
60,,a bee-friendly garden,https://naturesseed.com/how-to-create-a-bee-friendly-landscape/
60,,selection of honey bee pasture blends,https://naturesseed.com/specialty-seed/honey-bee-blends/
60,,premium wildflower seed blends,https://naturesseed.com/wildflower-seed/
60,,here!,https://naturesseed.com/how-to-make-plantable-seed-paper/
60,,Do I need a garden box?,https://naturesseed.com/do-you-need-a-garden-box/
60,,Any tips to save money?,https://naturesseed.com/6-money-saving-tips-for-frugal-lawn-and-garden-care/
60,,What if my backyard is shady?,https://naturesseed.com/lawn-and-garden-solutions-for-shady-areas/
60,,blog post,https://naturesseed.com/afraid-to-compost/
61,990,At Nature’s Seed,https://www.naturesseed.com/
61,,use Nature’s Seed grass seed types,https://naturesseed.com/grass-seed/
63,,natural forces like wind and water,https://www.naturesseed.com/specialty-seed/erosion-control-blends/
63,990,At Nature’s Seed,https://www.naturesseed.com/
63,330,Contact Nature’s Seed,https://www.naturesseed.com/contact-us/
66,,seeding for lawn establishment,https://naturesseed.com/grass-seed/
66,,nutrient erosion,https://naturesseed.com/specialty-seed/erosion-control-blends/
66,330,Contact Nature’s Seed,https://naturesseed.com/contact-us/
67,,soil test,https://naturesseed.com/soil-tests-a-crucial-step-before-planting-gardens-and-grass-seed/
67,,Seed Selector Tool,https://naturesseed.com/pasture-seed/by-region-pasture-seed/
67,413,Buckwheat Seed,https://naturesseed.com/products/pasture-seed/common-buckwheat/
67,414,Winter (Cereal) Rye Seed,https://naturesseed.com/products/pasture-seed/cereal-rye/
67,415,Bahia Grass Seed,https://naturesseed.com/products/pasture-seed/bahia-grass/
67,416,Switchgrass (Panicum Virgatum) Seed,https://naturesseed.com/products/pasture-seed/switchgrass-seed/
67,,pasture seeds,https://naturesseed.com/pasture-seed/
68,,acts like a perennial,https://naturesseed.com/should-i-cut-back-my-perennials-or-leave-them-uncut-for-the-winter/
68,,Depending on your region,https://naturesseed.com/planting-aids/
68,,avoid erosion,https://naturesseed.com/specialty-seed/erosion-control-blends/
68,,Kentucky bluegrass,https://naturesseed.com/resources/kentucky-bluegrass-guides/
69,990,Nature’s Seed,https://www.naturesseed.com/
73,,tall fescue,https://naturesseed.com/grass-seed/fescue-grass/triple-play-tall-fescue-seed-blend/
73,,perennial ryegrass,https://naturesseed.com/pasture-seed/individual-pasture-species/perennial-ryegrass/
73,,bermudagrass,https://naturesseed.com/grass-seed/bermuda-grass/bermudagrass-seed-blend/
73,421,Blue Ribbon Blend,https://naturesseed.com/products/pasture-seed/kentucky-bluegrass/
73,420,perennial ryegrass,https://naturesseed.com/products/pasture-seed/perennial-ryegrass/
73,,zoysia grass,https://naturesseed.com/grass-seed/zoysia-grass/zoysia-grass-seed/
73,419,buffalograss,https://naturesseed.com/products/pasture-seed/buffalograss/
74,,Perennial Ryegrass Identification,https://naturesseed.com/pasture-seed/individual-pasture-species/perennial-ryegrass/
74,,Kentucky bluegrass seed,https://naturesseed.com/pasture-seed/individual-pasture-species/kentucky-bluegrass/
74,462,Fine Fescue Grass Identification,https://naturesseed.com/products/grass-seed/fine-fescue-grass-seed-mix/
75,,grass seed,https://naturesseed.com/grass-seed/
75,,Kentucky Bluegrass,https://naturesseed.com/grass-seed/kentucky-bluegrass/
75,,Bermudagrass,https://naturesseed.com/grass-seed/bermuda-grass/bermudagrass-seed-blend/
75,419,Buffalograss,https://naturesseed.com/products/pasture-seed/buffalograss/
75,,Low Maintenance Seed Blend,https://www.naturesseed.com/grass-seed/fescue-grass/low-maintenance-seed-blend/
87,,How Does Land Recover After a Wildfire?,https://naturesseed.com/how-does-land-recover-after-a-wildfire/
87,,Intermountain West Erosion Control Blend,https://naturesseed.com/specialty-seed/erosion-control-blends/intermountain-west-erosion-control-mix/
87,,Pacific Southwest Erosion Control Blend,https://naturesseed.com/specialty-seed/erosion-control-blends/pacific-southwest-erosion-control-mix/
88,,Wildfires: Are They Good or Bad?,https://naturesseed.com/wildfires-are-they-good-or-bad/
135,427,Sheep fescue,https://naturesseed.com/products/grass-seed/sheep-fescue-grass/
146,,desert globemallow,https://naturesseed.com/wildflower-seed/individual-wildflower-species/desert-globemallow/
146,,scarlet globemallow,https://naturesseed.com/wildflower-seed/individual-wildflower-species/scarlet-globemallow/
146,,Coulter’s globemallow,https://naturesseed.com/wildflower-seed/individual-wildflower-species/coulter-s-globemallow/
146,,Munro globemallow,https://naturesseed.com/wildflower-seed/individual-wildflower-species/munro-globemallow/
146,,Nelson globemallow,https://naturesseed.com/wildflower-seed/individual-wildflower-species/nelson-globemallow/
147,,small burnet,https://naturesseed.com/pasture-seed/individual-pasture-species/small-burnet/
148,,triticale,https://naturesseed.com/pasture-seed/individual-pasture-species/triticale/
148,,hybrid pearl millet,https://naturesseed.com/pasture-seed/individual-pasture-species/hybrid-pearl-millet/
149,,regional grass blends,https://naturesseed.com/grass-seed/
150,429,clover,https://naturesseed.com/products/clover-seed/white-dutch-clover/
150,330,send us the story,https://naturesseed.com/contact-us/
151,421,best Kentucky bluegrass lawn,https://naturesseed.com/products/pasture-seed/kentucky-bluegrass/
154,419,Buffalo grass seed,https://naturesseed.com/products/pasture-seed/buffalograss/
155,990,Buffalo grass seed,https://www.naturesseed.com/
155,,grass seeds,https://www.naturesseed.com/grass-seed/
155,419,Buffalo grass seed,https://naturesseed.com/products/pasture-seed/buffalograss/
156,,Bermuda grass seed,/grass-seed/bermuda-grass/bermudagrass-seed-blend/
157,,perennial ryegrass seed,/grass-seed/perennial-ryegrass/
157,,grass seed,/grass-seed/
158,,perennial ryegrass seed,/grass-seed/perennial-ryegrass/
158,,grass seed,/grass-seed/
159,990,Buffalo grass seed,https://www.naturesseed.com/
159,,grass seeds,https://www.naturesseed.com/grass-seed/
159,419,Buffalo grass seed,https://naturesseed.com/products/pasture-seed/buffalograss/
160,419,Buffalo grass seed,https://naturesseed.com/products/pasture-seed/buffalograss/
160,,grass seed,https://www.naturesseed.com/grass-seed/
161,,fescue grass seed,/grass-seed/fescue-grass/
162,,Kentucky Bluegrass seed,/grass-seed/kentucky-bluegrass
162,,grass seed,/grass-seed/
163,,high quality Kentucky bluegrass seeds,/grass-seed/kentucky-bluegrass
164,,grass seed,https://www.naturesseed.com/grass-seed/
165,,grass seeds,https://www.naturesseed.com/grass-seed/
165,990,perennial ryegrass,https://www.naturesseed.com/
166,,grass seed,/grass-seed/
167,,grass seeds,/grass-seed/
168,,FESCUE GRASS,https://www.naturesseed.com/grass-seed/fescue-grass/
169,416,switchgrass,https://naturesseed.com/products/pasture-seed/switchgrass-seed/
169,,Indian grass,https://naturesseed.com/pasture-seed/individual-pasture-species/indiangrass/
169,,Purple coneflower,https://naturesseed.com/wildflower-seed/individual-wildflower-species/echinacea/
169,,black-eyed Susan,https://naturesseed.com/wildflower-seed/individual-wildflower-species/black-eyed-susan/
171,,Colorado columbine,https://naturesseed.com/wildflower-seed/individual-wildflower-species/colorado-columbine/
171,330,contact us,https://naturesseed.com/contact-us/
172,,poultry forage blends,https://naturesseed.com/pasture-seed/poultry-pastures/
173,,wildflowers,https://naturesseed.com/wildflower-seed/regional-wildflower-mixes/
174,419,Buffalograss,https://naturesseed.com/products/pasture-seed/buffalograss/
174,417,Blue grama,https://naturesseed.com/products/pasture-seed/blue-grama/
174,427,sheep fescue,https://naturesseed.com/products/grass-seed/sheep-fescue-grass/
174,429,White clover,https://naturesseed.com/products/clover-seed/white-dutch-clover/
174,388,yarrow,https://naturesseed.com/products/wildflower-seed/western-yarrow/
174,330,contact us,https://naturesseed.com/contact-us/
175,,orchardgrass,https://naturesseed.com/pasture-seed/individual-pasture-species/orchardgrass/
175,,perennial ryegrass,https://naturesseed.com/pasture-seed/individual-pasture-species/perennial-ryegrass/
175,,tall fescue,https://naturesseed.com/pasture-seed/individual-pasture-species/tall-fescue/
175,,meadow brome,https://naturesseed.com/pasture-seed/individual-pasture-species/meadow-brome/
175,,grass seeds,https://naturesseed.com/grass-seed/by-region-grass-seed/
175,330,contact us,https://naturesseed.com/contact-us/
177,419,Buffalograss,https://naturesseed.com/products/pasture-seed/buffalograss/
177,,wildflowers,https://naturesseed.com/wildflower-seed/regional-wildflower-mixes/
178,,basic design principles,https://naturesseed.com/landscape-design-basics/
179,,planting aids,https://naturesseed.com/planting-aids/
179,411,Am 120 Standard mycorrhizal inoculant,https://naturesseed.com/products/planting-aids/am-120-standard-mycorrhizal-inoculant/
179,412,M-Binder tackifier,https://naturesseed.com/products/planting-aids/m-binder-tackifier-soil-stabilizer/
179,399,rice hulls,https://naturesseed.com/products/planting-aids/rice-hull/
179,330,ask us for more information,https://naturesseed.com/contact-us/
180,,here,https://naturesseed.com/pasture-seed/individual-pasture-species/forage-radish/
180,,Big Game Food Plot Blends,https://naturesseed.com/specialty-seed/big-game-food-plot-blends/
181,,cover crops,https://naturesseed.com/specialty-seed/green-manure-cover-crops/
181,330,ask us,https://naturesseed.com/contact-us/
182,,back in 2012,https://naturesseed.com/fake-grass-causing-real-problems-for-athletes-and-the-environment/
183,,sainfoin,https://naturesseed.com/pasture-seed/individual-pasture-species/sainfoin/
183,395,White Dutch,https://naturesseed.com/products/clover-seed/white-clover/
183,850,alsike,https://naturesseed.com/products/clover-seed/alsike-clover-seed/
183,830,crimson,https://naturesseed.com/products/clover-seed/crimsom-clover-crop-seed/
183,,sweet clovers,https://naturesseed.com/pasture-seed/individual-pasture-species/yellow-sweet-clover/
183,422,Alfalfa,https://naturesseed.com/products/pasture-seed/alfalfa/
183,,Wildflower,https://naturesseed.com/wildflower-seed/regional-wildflower-mixes/
184,,here,https://naturesseed.com/guide-resources/how-to-read-soil-reports-for-grass-lawns/
185,419,buffalograss,https://naturesseed.com/products/pasture-seed/buffalograss/
185,,Bison Forage Blends,https://naturesseed.com/pasture-seed/bison-pastures/
185,,article,https://naturesseed.com/the-benefits-of-management-intensive-grazing-on-the-environment-livestock-and-pasture-grass/
186,,wetland restoration blends,https://naturesseed.com/specialty-seed/wetland-restoration-blends/
186,330,contact us,https://naturesseed.com/contact-us/
187,,tall fescue,https://naturesseed.com/pasture-seed/individual-pasture-species/tall-fescue/
187,,turf-type tall fescue,https://naturesseed.com/grass-seed/fescue-grass/triple-play-tall-fescue-seed-blend/
188,,grass seed,https://naturesseed.com/grass-seed/by-region-grass-seed/
188,429,adding clover in your lawn,https://naturesseed.com/products/clover-seed/white-dutch-clover/
188,419,buffalograss,https://naturesseed.com/products/pasture-seed/buffalograss/
188,427,sheep fescue,https://naturesseed.com/products/grass-seed/sheep-fescue-grass/
188,417,blue grama,https://naturesseed.com/products/pasture-seed/blue-grama/
188,,Low-Maintenance grass blend,https://naturesseed.com/grass-seed/fescue-grass/low-maintenance-seed-mix/
189,462,fine fescue,https://naturesseed.com/products/grass-seed/fine-fescue-grass-seed-mix/
189,,Kentucky bluegrass,https://naturesseed.com/pasture-seed/individual-pasture-species/kentucky-bluegrass/
189,,tall fescue,https://naturesseed.com/grass-seed/fescue-grass/triple-play-tall-fescue-seed-blend/
189,,bermudagrass,https://naturesseed.com/grass-seed/bermuda-grass/bermudagrass-seed-blend/
189,,this article,https://naturesseed.com/dealing-with-dead-and-bare-spots-in-your-lawn/
190,,Intermountain West Honey Bee Pasture Blend,https://naturesseed.com/specialty-seed/honey-bee-blends/intermountain-west-honey-bee-pasture-mix/
191,,Kentucky bluegrass,https://naturesseed.com/pasture-seed/individual-pasture-species/kentucky-bluegrass/
191,,fescues,https://naturesseed.com/grass-seed/fescue-grass/
191,,Bermudagrass,https://naturesseed.com/grass-seed/bermuda-grass/bermudagrass-seed-blend/
191,462,Fine fescue,https://naturesseed.com/products/grass-seed/fine-fescue-grass-seed-mix/
191,419,buffalograss,https://naturesseed.com/products/pasture-seed/buffalograss/
191,,perennial ryegrass,https://naturesseed.com/pasture-seed/individual-pasture-species/perennial-ryegrass/
191,427,sheep fescue,https://naturesseed.com/products/grass-seed/sheep-fescue-grass/
191,,Low-Maintenance Seed Blend,https://naturesseed.com/grass-seed/fescue-grass/low-maintenance-seed-mix/
192,,positives and negatives,https://naturesseed.com/to-till-or-not-to-till-when-establishing-a-pasture/
193,417,blue grama,https://naturesseed.com/products/pasture-seed/blue-grama/
193,,Indiangrass,https://naturesseed.com/pasture-seed/individual-pasture-species/indiangrass/
193,,little bluestem,https://naturesseed.com/grass-seed/ornamental-grasses/little-bluestem/
193,,Wildflowers,https://naturesseed.com/wildflower-seed/regional-wildflower-mixes/
195,,Honey Bee Pasture Blends,https://naturesseed.com/specialty-seed/honey-bee-blends/
195,,Pollinator Blends,https://naturesseed.com/specialty-seed/pollinator-seed-blends/
195,,biodiversity,https://naturesseed.com/biodiversity-the-key-to-healthy-successful-landscapes/
196,,natural herbicide,https://naturesseed.com/using-vinegar-to-kill-weeds-in-the-lawn-and-garden/
196,,article,https://naturesseed.com/using-corn-gluten-meal-as-a-natural-pre-emergent-herbicide/
197,429,clover,https://naturesseed.com/products/clover-seed/white-dutch-clover/
197,395,White clover,https://naturesseed.com/products/clover-seed/white-clover/
197,849,red clover,https://naturesseed.com/products/clover-seed/red-clover-seed/
197,850,alsike clover,https://naturesseed.com/products/clover-seed/alsike-clover-seed/
198,,dryland farming methods,https://naturesseed.com/tips-for-establishing-a-dryland-pasture/
198,419,buffalograss,https://naturesseed.com/products/pasture-seed/buffalograss/
198,,grass-fed beef,https://naturesseed.com/the-benefits-of-raising-animals-and-livestock-on-pasture-grass/
198,,gardening activities,https://naturesseed.com/happy-and-healthy-gardening-activities-for-children/
199,,pasture-type tall fescue,https://naturesseed.com/pasture-seed/individual-pasture-species/tall-fescue/
199,,perennial ryegrass,https://naturesseed.com/pasture-seed/individual-pasture-species/perennial-ryegrass/
199,,Echinacea purpurea,https://naturesseed.com/wildflower-seed/individual-wildflower-species/echinacea/
199,,Dalea purpurea,https://naturesseed.com/wildflower-seed/individual-wildflower-species/purple-prairie-clover/
199,,Digitalis purpurea,https://naturesseed.com/wildflower-seed/individual-wildflower-species/purple-foxglove/
200,,practices,https://naturesseed.com/dealing-with-annual-bluegrass-in-your-lawn/
200,,cheatgrass,https://naturesseed.com/beware-of-cheatgrass-infestations-in-pastures-and-rangeland/
201,,pasture grass seed,https://naturesseed.com/pasture-seed/
202,,endophyte,https://naturesseed.com/what-are-endophytes-and-what-are-they-doing-in-my-lawn/
202,330,contact us,https://naturesseed.com/contact-us/
202,336,Eastern Gamagrass (Fakahatchee) Seed,https://naturesseed.com/products/pasture-seed/fakahatchee-grass-eastern-gamagrass/
202,337,Texas Bluebonnet Seeds,https://naturesseed.com/products/wildflower-seed/texas-bluebonnet-seeds/
202,338,Texas Native Wildflower Mix,https://naturesseed.com/products/wildflower-seed/texas-native-wildflower-mix/
202,339,Texas Native Grass Seed Mix,https://naturesseed.com/products/grass-seed/texas-native-lawn-mix/
203,,Shirley poppy,https://naturesseed.com/wildflower-seed/individual-wildflower-species/shirley-poppy/
203,,Icelandic poppy,https://naturesseed.com/wildflower-seed/individual-wildflower-species/icelandic-poppy/
203,406,California poppy,https://naturesseed.com/products/wildflower-seed/california-poppy/
203,,Mexican gold poppy,https://naturesseed.com/wildflower-seed/individual-wildflower-species/mexican-gold-poppy/
203,,Arizona poppy,https://naturesseed.com/wildflower-seed/individual-wildflower-species/arizona-poppy/
204,,tortoise pasture blend,https://naturesseed.com/pasture-seed/tortoise-pastures/tortoise-forage-mix/
205,419,buffalograss,https://naturesseed.com/products/pasture-seed/buffalograss/
205,,Seed Aide product,https://naturesseed.com/planting-aids/seed-aide-cover-grow-water-retaining-seed-starting-mulch/
205,,Wildflower blends,https://naturesseed.com/wildflower-seed/
205,,honey bee pasture blends,https://naturesseed.com/specialty-seed/honey-bee-blends/
206,,Attracting birds,https://naturesseed.com/how-to-attract-more-birds-to-the-garden/
207,,pasture grass seeds,https://naturesseed.com/pasture-seed/
208,,small space,https://naturesseed.com/gardening-and-landscaping-tips-for-small-areas/
208,,Wildflower seed packets,https://naturesseed.com/wildflower-seed/
208,,wildflower seed bombs,https://naturesseed.com/how-to-make-wildflower-seed-bombs/
208,,Seed paper,https://naturesseed.com/how-to-make-plantable-seed-paper/
209,,making your own seed paper,https://naturesseed.com/how-to-make-plantable-seed-paper/
209,,Collect the seed,https://naturesseed.com/collecting-the-seeds-from-your-wildflower-garden/
209,,our wide range of blends,https://naturesseed.com/wildflower-seed/
210,429,clover,https://naturesseed.com/products/clover-seed/white-dutch-clover/
210,,wildflowers,https://naturesseed.com/wildflower-seed/
211,427,sheep fescue,https://naturesseed.com/products/grass-seed/sheep-fescue-grass/
211,,wildflowers,https://naturesseed.com/wildflower-seed/
212,,incorporating legumes,https://naturesseed.com/the-importance-of-legumes-in-pastures/
212,,sheep,https://naturesseed.com/pasture-seed/sheep-pastures/
212,,goat,https://naturesseed.com/pasture-seed/goat-pastures/
213,,lawn seed,https://naturesseed.com/grass-seed/
213,330,ask us,https://naturesseed.com/contact-us/
214,429,clover,https://naturesseed.com/products/clover-seed/white-dutch-clover/
214,,prairie clover,https://naturesseed.com/wildflower-seed/individual-wildflower-species/purple-prairie-clover/
214,330,ask us for help,https://naturesseed.com/contact-us/
215,,grass species,https://naturesseed.com/grass-seed/
215,419,buffalograss,https://naturesseed.com/products/pasture-seed/buffalograss/
215,,wildflowers,https://naturesseed.com/wildflower-seed/
216,,grass seed,https://www.naturesseed.com/grass-seed/
216,,Grass Seed,https://naturesseed.com/grass-seed/
217,,Firewheel,https://naturesseed.com/wildflower-seed/individual-wildflower-species/firewheel/
218,,wildflower seeds,https://naturesseed.com/wildflower-seed/
218,459,organic starter fertilizer,https://naturesseed.com/products/planting-aids/organic-seed-starter-fertilizer-4-6-4/
219,,bermudagrass,https://naturesseed.com/grass-seed/bermuda-grass/bermudagrass-seed-blend/
219,,bluegrass,https://naturesseed.com/pasture-seed/individual-pasture-species/kentucky-bluegrass/
219,,ryegrass,https://naturesseed.com/pasture-seed/individual-pasture-species/perennial-ryegrass/
219,,fescue,https://naturesseed.com/grass-seed/fescue-grass/
219,,impenetrable barrier,https://naturesseed.com/keeping-your-lawn-grass-where-it-belongs/
220,429,white clover,https://naturesseed.com/products/clover-seed/white-dutch-clover/
220,,perennial ryegrass,https://naturesseed.com/pasture-seed/individual-pasture-species/perennial-ryegrass/
220,,Buffer strips,https://naturesseed.com/prevent-water-pollution-using-grass-and-wildflower-buffer-strips/
221,,Kentucky bluegrass,https://naturesseed.com/pasture-seed/individual-pasture-species/kentucky-bluegrass/
221,,bahiagrass,https://naturesseed.com/pasture-seed/individual-pasture-species/bahia-grass/
221,,turf-type tall fescues,https://naturesseed.com/grass-seed/fescue-grass/triple-play-tall-fescue-seed-blend/
221,419,Buffalograss,https://naturesseed.com/products/pasture-seed/buffalograss/
221,,bermudagrass,https://naturesseed.com/grass-seed/bermuda-grass/bermudagrass-seed-blend/
221,,zoysiagrass,https://naturesseed.com/grass-seed/zoysia-grass/zoysia-grass-seed/
221,,perennial ryegrass,https://naturesseed.com/pasture-seed/individual-pasture-species/perennial-ryegrass/
221,462,fine fescue,https://naturesseed.com/products/grass-seed/fine-fescue-grass-seed-mix/
223,462,fine fescues,https://naturesseed.com/products/grass-seed/fine-fescue-grass-seed-mix/
223,427,sheep fescue,https://naturesseed.com/products/grass-seed/sheep-fescue-grass/
223,,turf-type tall fescue,https://naturesseed.com/grass-seed/fescue-grass/triple-play-tall-fescue-seed-blend/
223,,bermudagrass,https://naturesseed.com/grass-seed/bermuda-grass/bermudagrass-seed-blend/
223,,zoysia,https://www.naturesseed.com/grass-seed/zoysia-grass/zoysia-grass-seed/
223,,bahiagrass,https://naturesseed.com/pasture-seed/individual-pasture-species/bahia-grass/
223,419,buffalograss,https://naturesseed.com/products/pasture-seed/buffalograss/
224,,perennial ryegrass,https://naturesseed.com/pasture-seed/individual-pasture-species/perennial-ryegrass/
224,,Blue Ribbon Blend,https://naturesseed.com/grass-seed/kentucky-bluegrass/kentucky-bluegrass-seed-blue-ribbon-mix/
224,,efficient watering practices,https://naturesseed.com/efficient-and-responsible-lawn-watering-tips/
224,458,slow-release organic fertilizers,https://naturesseed.com/product/organic-maintenance-fertilizer-18-1-8fe/
225,429,White clover,https://naturesseed.com/products/clover-seed/white-dutch-clover/
225,458,slow-release organic,https://naturesseed.com/product/organic-maintenance-fertilizer-18-1-8fe/
225,459,new lawns,https://naturesseed.com/products/planting-aids/organic-seed-starter-fertilizer-4-6-4/
225,,soil test,https://naturesseed.com/soil-tests-a-crucial-step-before-planting-gardens-and-grass-seed/
226,429,white clover,https://naturesseed.com/products/clover-seed/white-dutch-clover/
226,,birdsfoot trefoil,https://naturesseed.com/laudable-legume-the-many-qualities-of-birdsfoot-trefoil/
226,,sainfoin,https://naturesseed.com/ancient-crop-new-interest-sainfoin-for-forage-hay-and-honey/
226,,Utah sweetvetch,https://naturesseed.com/wildflower-seed/individual-wildflower-species/utah-sweetvetch/
226,,forage chicory,https://naturesseed.com/chicory-gaining-popularity-in-pastures/
226,,arrowleaf balsamroot,https://naturesseed.com/wildflower-seed/individual-wildflower-species/arrowleaf-balsamroot/
227,,honey bee pasture blends,https://naturesseed.com/specialty-seed/honey-bee-blends/
227,330,contact us directly,https://naturesseed.com/contact-us/
228,,asters,https://naturesseed.com/wildflower-seed/individual-wildflower-species/new-england-aster/
228,,coneflowers,https://naturesseed.com/wildflower-seed/individual-wildflower-species/echinacea/
228,,wildflowers,https://naturesseed.com/wildflower-seed/
229,,lawn grass,https://naturesseed.com/grass-seed/
229,330,contact us directly,https://naturesseed.com/contact-us/
229,,Wildflowers,https://naturesseed.com/wildflower-seed/
231,,wildflowers,https://naturesseed.com/wildflower-seed/
231,419,buffalograss,https://naturesseed.com/products/pasture-seed/buffalograss/
231,427,sheep fescue,https://naturesseed.com/products/grass-seed/sheep-fescue-grass/
231,,Low-Maintenance Seed Blend,https://naturesseed.com/grass-seed/fescue-grass/low-maintenance-seed-mix/
231,330,Contact us,https://naturesseed.com/contact-us/
233,459,slow-release organic starter fertilizer,https://naturesseed.com/products/planting-aids/organic-seed-starter-fertilizer-4-6-4/
233,,bermudagrass,https://naturesseed.com/grass-seed/bermuda-grass/bermudagrass-seed-blend/
233,,zoysia grass,https://naturesseed.com/grass-seed/zoysia-grass/zoysia-grass-seed/
233,,bahiagrass,https://naturesseed.com/pasture-seed/individual-pasture-species/bahia-grass/
234,,Honey bee pastures,https://www.naturesseed.com/specialty-seed/honey-bee-blends/
234,,honey bee pasture blends,https://naturesseed.com/specialty-seed/honey-bee-blends/
234,429,additive,https://naturesseed.com/products/clover-seed/white-dutch-clover/
234,,bluebells,https://naturesseed.com/wildflower-seed/individual-wildflower-species/california-bluebell/
235,,best grass seed,https://naturesseed.com/guide-resources/how-to-choose-the-right-grass-seed-for-a-thriving-lawn/
235,458,slow-release organic fertilizer,https://naturesseed.com/product/organic-maintenance-fertilizer-18-1-8fe/
236,,grass seeds,https://naturesseed.com/grass-seed/
237,,genetically superior,https://naturesseed.com/what-do-we-mean-by-elite-and-premium-type-grass-seed/
238,,purple coneflower,https://naturesseed.com/wildflower-seed/individual-wildflower-species/echinacea/
239,,importance of selecting the best cultivars,https://naturesseed.com/what-do-we-mean-by-elite-and-premium-type-grass-seed/
239,,lawn seed,https://naturesseed.com/grass-seed/
239,,perennial ryegrass,https://naturesseed.com/pasture-seed/individual-pasture-species/perennial-ryegrass/
239,,pasture grass,https://naturesseed.com/pasture-seed/
240,429,white Dutch clover,https://naturesseed.com/products/clover-seed/white-dutch-clover/
240,427,Sheep fescue,https://naturesseed.com/products/grass-seed/sheep-fescue-grass/
242,,sheep,https://naturesseed.com/pasture-seed/sheep-pastures/
242,,goat,https://naturesseed.com/pasture-seed/goat-pastures/
243,462,Fine fescue,https://naturesseed.com/products/grass-seed/fine-fescue-grass-seed-mix/
243,429,white Dutch clover,https://naturesseed.com/products/clover-seed/white-dutch-clover/
244,,perennial ryegrass,https://www.naturesseed.com/pasture-seed/individual-pasture-species/perennial-ryegrass/
246,419,buffalograss,https://naturesseed.com/products/pasture-seed/buffalograss/
247,,Great Basin Wildflower Blend,https://naturesseed.com/wildflower-seed/regional-wildflower-mixes/great-basin-wildflower-mix/
247,330,contact us directly,https://naturesseed.com/contact-us/
248,,wildflowers,https://naturesseed.com/wildflower-seed/regional-wildflower-mixes/
249,,Grass Seed,https://naturesseed.com/grass-seed/
249,330,Contact us directly,https://naturesseed.com/contact-us/
249,,Bermudagrass seed,https://naturesseed.com/grass-seed/bermuda-grass/bermudagrass-seed-blend/
250,,wildflower seed mixes,https://naturesseed.com/wildflower-seed/regional-wildflower-mixes/
252,,Pasture grass management,https://naturesseed.com/pasture-seed/
252,,Birdsfoot trefoil,https://naturesseed.com/laudable-legume-the-many-qualities-of-birdsfoot-trefoil/
253,,grass seeds,https://www.naturesseed.com/grass-seed/
254,,wildflower seed mixes,https://naturesseed.com/wildflower-seed/regional-wildflower-mixes/
254,429,White Dutch Clover Seed Blend,https://naturesseed.com/products/clover-seed/white-dutch-clover/
255,,grass seed,https://naturesseed.com/grass-seed/
256,,fescues,https://naturesseed.com/grass-seed/fescue-grass/
256,,tall fescue,https://naturesseed.com/grass-seed/fescue-grass/triple-play-tall-fescue-seed-blend/
256,,zoysia grass,https://naturesseed.com/grass-seed/zoysia-grass/zoysia-grass-seed/
256,429,white Dutch clover,https://naturesseed.com/products/clover-seed/white-dutch-clover/
257,,wildflowers,https://www.naturesseed.com/wildflower-seed/regional-wildflower-mixes/
258,,Great Basin Wildflower Blend,https://naturesseed.com/wildflower-seed/regional-wildflower-mixes/great-basin-wildflower-mix/
258,428,Deer Resistant Wildflower Blend,https://naturesseed.com/products/wildflower-seed/deer-resistant-wildflower-mix/
258,430,Annual Wildflower Blend,https://naturesseed.com/products/wildflower-seed/annual-wildflower-mix/
260,,wildflower seed blends,https://naturesseed.com/wildflower-seed/regional-wildflower-mixes/
263,,wildflower seed blends,https://naturesseed.com/wildflower-seed/regional-wildflower-mixes/
264,,grass seeds,https://www.naturesseed.com/grass-seed/
264,,high-quality seed blend,https://naturesseed.com/grass-seed/
265,,pasture grass seed blends,https://naturesseed.com/pasture-seed/
266,458,Organic fertilizers,https://naturesseed.com/product/organic-maintenance-fertilizer-18-1-8fe/
266,419,Buffalograss,https://naturesseed.com/products/pasture-seed/buffalograss/
266,972,Sonoran Desert,https://naturesseed.com/products/wilflower-seed/sonoran-desert-wildflower-mix/
266,,Southwest Wildflower seed blend,https://naturesseed.com/wildflower-seed/regional-wildflower-mixes/southwest-wildflower-mix/
267,,perennial ryegrass,https://naturesseed.com/pasture-seed/individual-pasture-species/perennial-ryegrass/
267,,Perennial Ryegrass,https://www.naturesseed.com/pasture-seed/individual-pasture-species/perennial-ryegrass/
268,,pasture grasses,https://naturesseed.com/pasture-seed/
268,330,contact us directly,https://naturesseed.com/contact-us/
270,,premium wildflower blends,https://naturesseed.com/wildflower-seed/regional-wildflower-mixes/
271,,Kentucky Bluegrass,https://naturesseed.com/pasture-seed/individual-pasture-species/kentucky-bluegrass/
271,420,Perennial Ryegrass,https://naturesseed.com/products/pasture-seed/perennial-ryegrass/
271,,Fescue,https://naturesseed.com/grass-seed/fescue-grass/
271,,Bermudagrass,https://naturesseed.com/grass-seed/bermuda-grass/bermudagrass-seed-blend/
271,,Zoysia,https://naturesseed.com/grass-seed/zoysia-grass/zoysia-grass-seed/
271,419,Buffalograss,https://naturesseed.com/products/pasture-seed/buffalograss/
271,458,organic type slow-release fertilizer,https://naturesseed.com/product/organic-maintenance-fertilizer-18-1-8fe/
272,,Kentucky Bluegrass seeds,https://naturesseed.com/pasture-seed/individual-pasture-species/kentucky-bluegrass/
272,,elite-type seeds,https://naturesseed.com/what-do-we-mean-by-elite-and-premium-type-grass-seed/
273,,Kentucky Bluegrass,https://naturesseed.com/pasture-seed/individual-pasture-species/kentucky-bluegrass/
273,458,slow-release organic maintenance fertilizer,https://naturesseed.com/product/organic-maintenance-fertilizer-18-1-8fe/
274,,pasture-type grasses,https://naturesseed.com/pasture-seed/
274,330,contact us directly,https://naturesseed.com/contact-us/
275,458,slow-release organic fertilizer,https://naturesseed.com/product/organic-maintenance-fertilizer-18-1-8fe/
276,,wildflowers,https://naturesseed.com/wildflower-seed/
277,,pasture grass,https://naturesseed.com/pasture-seed/
277,,Pasture Grass Seed,https://www.naturesseed.com/pasture-seed/
278,,grass seed,https://naturesseed.com/grass-seed/
278,,pasture-type grass seed blends,https://naturesseed.com/pasture-seed/
278,,Wildfire Resistant seed blends.,https://naturesseed.com/specialty-seed/wildfire-resistant-blends/
278,330,Our experts,https://naturesseed.com/contact-us/
279,,soil report guide,https://naturesseed.com/guide-resources/how-to-read-soil-reports-for-grass-lawns/
281,431,Rocky Mountain Wildflower seed blend,https://naturesseed.com/products/wildflower-seed/rocky-mountain-wildflower-mix/
281,,Low Growing Wildflower seed blend,https://naturesseed.com/wildflower-seed/regional-wildflower-mixes/low-growing-wildflower-mix/
282,,check out this article,https://naturesseed.com/telling-the-difference-between-drought-stress-and-grub-damage-in-lawns/
282,,endophyte-enhanced,https://naturesseed.com/what-are-endophytes-and-what-are-they-doing-in-my-lawn/
282,,Triple-Play Tall Fescue seed blend,https://naturesseed.com/grass-seed/fescue-grass/triple-play-tall-fescue-seed-blend/
283,,premium wildflower seed blends,https://naturesseed.com/wildflower-seed/
284,428,Deer Resistant Wildflower seed blend,https://naturesseed.com/products/wildflower-seed/deer-resistant-wildflower-mix/
285,,Grass Seed,https://naturesseed.com/grass-seed/
285,,Kentucky Bluegrass,https://naturesseed.com/pasture-seed/individual-pasture-species/kentucky-bluegrass/
285,,Perennial Ryegrass,https://naturesseed.com/pasture-seed/individual-pasture-species/perennial-ryegrass/
285,,Fine and Tall Fescue,https://naturesseed.com/grass-seed/fescue-grass/
285,,Bermudagrass,https://naturesseed.com/grass-seed/bermuda-grass/bermudagrass-seed-blend/
285,,Buffalograss,https://naturesseed.com/pasture-seed/individual-pasture-species/buffalograss/
285,,Zoysia grass,https://naturesseed.com/grass-seed/zoysia-grass/zoysia-grass-seed/
285,,grass seed,https://www.naturesseed.com/grass-seed/
285,459,starter fertilizers,https://naturesseed.com/products/planting-aids/organic-seed-starter-fertilizer-4-6-4/
285,,here,https://naturesseed.com/stop-wetland-destruction-avoid-peat-moss-when-germinating-grass-seed/
285,,Seed Aide product,https://naturesseed.com/planting-aids/seed-aide-cover-grow-water-retaining-seed-starting-mulch/
286,,pasture grass,https://naturesseed.com/pasture-seed/
287,,Kentucky bluegrass,https://naturesseed.com/pasture-seed/individual-pasture-species/kentucky-bluegrass/
287,,tall,https://www.naturesseed.com/grass-seed/fescue-grass/triple-play-tall-fescue-seed-blend/
287,462,fine fescues,https://naturesseed.com/products/grass-seed/fine-fescue-grass-seed-mix/
287,420,ryegrass,https://naturesseed.com/products/pasture-seed/perennial-ryegrass/
287,,Sun & Shade,https://naturesseed.com/grass-seed/kentucky-bluegrass/sun-shade-seed-mix/
287,,bermudagrass,https://naturesseed.com/grass-seed/bermuda-grass/bermudagrass-seed-blend/
287,,buffalograss,https://naturesseed.com/pasture-seed/individual-pasture-species/buffalograss/
287,,zoysia grass,https://naturesseed.com/grass-seed/zoysia-grass/zoysia-grass-seed/
287,,perennial ryegrass,https://naturesseed.com/pasture-seed/individual-pasture-species/perennial-ryegrass/
287,,see this article,https://naturesseed.com/how-to-avoid-winter-time-browning-of-bermudagrass-lawns/
288,,Kentucky Bluegrass Seed Blends,https://naturesseed.com/grass-seed/kentucky-bluegrass/
288,,Bermudagrass Seed Blends,https://naturesseed.com/grass-seed/bermuda-grass/bermudagrass-seed-blend/
289,,reel mower,https://www.naturesseed.com/blog/an-oldie-but-a-goodie-advantages-of-reel-mowers/
289,,flowers,https://www.naturesseed.com/wildflower-seed/
289,,Rainwater harvesting,https://www.naturesseed.com/blog/rainwater-harvesting-the-future-of-self-sustaining-lawns-and-golf-courses/
289,,make your own natural fertilizer,https://naturesseed.com/dealing-with-dead-and-bare-spots-in-your-lawn/
289,,mulch your grass clippings instead of removing them,https://naturesseed.com/the-benefits-of-mulching-a-step-forward-in-sustainability/
289,,sowing seed instead of installing sod,https://naturesseed.com/advantages-of-establishing-a-lawn-from-seed-instead-of-sod/
289,,grass seed,https://naturesseed.com/grass-seed/
289,,we only use grass varieties in our blends that have been top-rated by the NTEP,https://naturesseed.com/what-do-we-mean-by-elite-and-premium-type-grass-seed/
290,,grass seed,https://naturesseed.com/grass-seed/
291,,pasture grass seed blends,https://naturesseed.com/pasture-seed/
291,,wildflower blends,https://naturesseed.com/wildflower-seed/
292,,organic matter,https://naturesseed.com/dealing-with-dead-and-bare-spots-in-your-lawn/
293,,Great Basin Wildflower Blend,https://naturesseed.com/wildflower-seed/regional-wildflower-mixes/great-basin-wildflower-mix/
293,431,Rocky Mountain Wildflower Blend,https://naturesseed.com/products/wildflower-seed/rocky-mountain-wildflower-mix/
294,,grass seed,https://naturesseed.com/grass-seed/
294,,Seed Aide,https://naturesseed.com/planting-aids/seed-aide-cover-grow-water-retaining-seed-starting-mulch/
295,458,fertilizer,https://naturesseed.com/product/organic-maintenance-fertilizer-18-1-8fe/
296,,lawn seed,https://naturesseed.com/grass-seed/
296,458,Slow-Release Maintenance Fertilizer,https://naturesseed.com/product/organic-maintenance-fertilizer-18-1-8fe/
296,,mulching your grass clippings instead of removing them.,https://naturesseed.com/the-benefits-of-mulching-a-step-forward-in-sustainability/
297,,buffalograss,https://naturesseed.com/grass-seed/buffalograss/
297,,bermudagrass,https://naturesseed.com/grass-seed/bermuda-grass/
297,,zoysiagrass,https://naturesseed.com/grass-seed/zoysia-grass/
298,,Bermudagrass,https://naturesseed.com/grass-seed/bermuda-grass/
298,,grass seed,https://naturesseed.com/grass-seed/
298,420,perennial ryegrass,https://naturesseed.com/products/pasture-seed/perennial-ryegrass/
299,,wildflower seeds,https://naturesseed.com/wildflower-seed/regional-wildflower-mixes/
299,,here,https://naturesseed.com/how-to-make-wildflower-seed-bombs/
299,,here,https://naturesseed.com/how-to-make-plantable-seed-paper/
300,,The Benefits of Mulching,https://www.naturesseed.com/blog/the-benefits-of-mulching-a-step-forward-in-sustainability/
301,,Buffalograss,https://naturesseed.com/product/buffalograss/
301,419,buffalo grass,https://naturesseed.com/products/pasture-seed/buffalograss/
301,,buffalograss growing guide.,https://naturesseed.com/category/buffalo-grass-guides/
302,,Kentucky bluegrass,https://naturesseed.com/product/kentucky-bluegrass/
302,,buffalograss seed,https://naturesseed.com/product/buffalograss/
304,,Low Maintenance Seed Blend,https://naturesseed.com/low-maintenance-seed-mix/
304,,grass seed,https://naturesseed.com/grass-seed/
305,,‘Blue Ribbon’ Kentucky Bluegrass Seed Blend,https://naturesseed.com/product/kentucky-bluegrass-seed-blue-ribbon-mix/
305,,Velvet Blue Blend,https://naturesseed.com/velvet-blue-seed-blend/
306,,“turf-type” tall fescue lawn seed,https://naturesseed.com/triple-play-tall-fescue-seed-blend/
306,,Pasture Grass,https://naturesseed.com/pasture-seed/
307,,grass seed,https://naturesseed.com/grass-seed/
307,,Sun & Shade Grass Seed Blend,https://naturesseed.com/product/sun-shade-seed-mix/
307,,here.,https://www.naturesseed.com/grass-seed/advantages-of-grass-seed-over-laying-sod/
308,,grass seed,https://naturesseed.com/grass-seed/
309,,grass seed,https://www.naturesseed.com/grass-seed/
309,458,18-1-8,https://naturesseed.com/product/organic-maintenance-fertilizer-18-1-8fe/
310,,Kentucky bluegrass,https://naturesseed.com/product/kentucky-bluegrass/
314,,customercare@naturesseed.com,mailto:customercare@naturesseed.com
319,,Shop Now,/products/
319,,Pasture Seed,https://naturesseed.com/products/pasture-seed/
319,,Lawn Seed,https://naturesseed.com/products/grass-seed/
319,,Wildflower Seed,https://naturesseed.com/products/wildflower-seed/
319,,Clover Seed,https://naturesseed.com/products/clover-seed/
319,331,Learn More,/about/
323,990,https://www.naturesseed.com,https://www.naturesseed.com/
323,329,Privacy Policy,https://www.naturesseed.com/privacy-policy/
323,,CopyrightAgent@graniteseed.com,mailto:CopyrightAgent@graniteseed.com
324,330,customer contact form here,https://naturesseed.com/contact-us/
324,,customersupport@naturesseed.com,mailto:customercare@naturesseed.com
325,,,https://naturesseed.com/product-category/grass-seed/
325,,,https://naturesseed.com/product-category/pasture-seed/
325,,,https://naturesseed.com/product-category/specialty-seed/
325,,,https://naturesseed.com/product-category/wildflower-seed/
325,,California Collection,https://naturesseed.com/product-category/california-seeds/
325,,View More Testimonials,https://naturesseed.com/testimonials/
325,,View More,https://naturesseed.com/blog/
325,,View Resources,https://naturesseed.com/resources/general-planting-and-care-guides/
326,336,Sale Product on sale Eastern Gamagrass (Fakahatchee) Seed,https://naturesseed.com/products/pasture-seed/fakahatchee-grass-eastern-gamagrass/
326,337,Sale Product on sale Texas Bluebonnet Seeds,https://naturesseed.com/products/wildflower-seed/texas-bluebonnet-seeds/
326,338,Sale Product on sale Texas Native Wildflower Mix,https://naturesseed.com/products/wildflower-seed/texas-native-wildflower-mix/
326,339,Sale Product on sale Texas Native Grass Seed Mix,https://naturesseed.com/products/grass-seed/texas-native-lawn-mix/
329,328,NaturesSeed.com/my-account/,https://www.naturesseed.com/my-account/
329,323,Terms of Use,https://www.naturesseed.com/terms-of-use
331,,Testimonials,https://naturesseed.com/testimonials/
331,330,Contact Us,https://naturesseed.com/contact-us/
397,990,Click Here,https://naturesseed.com
401,990,Click Here,https://naturesseed.com
451,330,contact us,https://www.naturesseed.com/contact-us/
465,990,Click Here,https://naturesseed.com
466,330,contact us,https://www.naturesseed.com/contact-us/
468,990,Click Here,https://naturesseed.com
476,,contact us,/contact
485,330,contact us,https://www.naturesseed.com/contact-us/
486,330,contact us,https://www.naturesseed.com/contact-us/
491,,sheep fescue,https://naturesseed.com/grass-seed/fescue-grass/sheep-fescue-grass/
492,330,contact us,https://www.naturesseed.com/contact-us/
497,,fescue blend,https://www.naturesseed.com/grass-seed/fescue-grass/
497,990,Seed Selector™ Tool,https://www.naturesseed.com/
514,,contact us,/contact
520,990,Click Here,https://naturesseed.com
520,,sheep fescue,/grass-seed/fescue-grass/sheep-fescue-grass/
521,990,Click Here,https://naturesseed.com
521,,California Habitat Mix,https://www.naturesseed.com/specialty-seed/habitat-mix/california-habitat-mix/
522,990,Click Here,https://naturesseed.com
523,990,Click Here,https://naturesseed.com
524,990,Click Here,https://naturesseed.com
525,990,Click Here,https://naturesseed.com
526,990,Click Here,https://naturesseed.com
527,990,Click Here,https://naturesseed.com
528,990,Click Here,https://naturesseed.com
529,990,Click Here,https://naturesseed.com
530,990,Click Here,https://naturesseed.com
531,990,Click Here,https://naturesseed.com
532,990,Click Here,https://naturesseed.com
533,990,Click Here,https://naturesseed.com
534,990,Click Here,https://naturesseed.com
535,990,Click Here,https://naturesseed.com
536,990,Click Here,https://naturesseed.com
537,990,Click Here,https://naturesseed.com
538,990,Click Here,https://naturesseed.com
539,990,Click Here,https://naturesseed.com
540,990,Click Here,https://naturesseed.com
541,990,Click Here,https://naturesseed.com
542,990,Click Here,https://naturesseed.com
543,990,Click Here,https://naturesseed.com
544,990,Click Here,https://naturesseed.com
545,990,Click Here,https://naturesseed.com
546,990,Click Here,https://naturesseed.com
547,990,Click Here,https://naturesseed.com
548,990,Click Here,https://naturesseed.com
549,990,Click Here,https://naturesseed.com
550,990,Click Here,https://naturesseed.com
551,990,Click Here,https://naturesseed.com
552,990,Click Here,https://naturesseed.com
553,990,Click Here,https://naturesseed.com
554,990,Click Here,https://naturesseed.com
555,990,Click Here,https://naturesseed.com
556,990,Click Here,https://naturesseed.com
557,990,Click Here,https://naturesseed.com
558,990,Click Here,https://naturesseed.com
559,990,Click Here,https://naturesseed.com
560,990,Click Here,https://naturesseed.com
561,990,Click Here,https://naturesseed.com
562,990,Click Here,https://naturesseed.com
563,990,Click Here,https://naturesseed.com
564,990,Click Here,https://naturesseed.com
565,990,Click Here,https://naturesseed.com
566,990,Click Here,https://naturesseed.com
567,990,Click Here,https://naturesseed.com
568,990,Click Here,https://naturesseed.com
569,990,Click Here,https://naturesseed.com
570,990,Click Here,https://naturesseed.com
571,990,Click Here,https://naturesseed.com
572,990,Click Here,https://naturesseed.com
573,990,Click Here,https://naturesseed.com
574,990,Click Here,https://naturesseed.com
575,990,Click Here,https://naturesseed.com
576,990,Click Here,https://naturesseed.com
577,990,Click Here,https://naturesseed.com
578,990,Click Here,https://naturesseed.com
579,990,Click Here,https://naturesseed.com
580,990,Click Here,https://naturesseed.com
581,990,Click Here,https://naturesseed.com
582,990,Click Here,https://naturesseed.com
582,330,contact us,https://www.naturesseed.com/contact-us/
583,990,Click Here,https://naturesseed.com
584,990,Click Here,https://naturesseed.com
584,,fertilize,https://www.naturesseed.com/grass-seed/fescue-grass/how-to-fertilize-your-new-fescue-grass-seed-lawn/
584,,70° to 75°F,https://www.naturesseed.com/grass-seed/fescue-grass/how-to-plant-and-grow/
584,330,Contact us,https://www.naturesseed.com/contact-us/
585,990,Click Here,https://naturesseed.com
586,990,Click Here,https://naturesseed.com
587,990,Click Here,https://naturesseed.com
588,990,Click Here,https://naturesseed.com
589,990,Click Here,https://naturesseed.com
590,990,Click Here,https://naturesseed.com
591,990,Click Here,https://naturesseed.com
592,990,Click Here,https://naturesseed.com
593,990,Click Here,https://naturesseed.com
594,990,Click Here,https://naturesseed.com
595,990,Click Here,https://naturesseed.com
596,990,Click Here,https://naturesseed.com
597,990,Click Here,https://naturesseed.com
598,990,Click Here,https://naturesseed.com
599,990,Click Here,https://naturesseed.com
600,990,Click Here,https://naturesseed.com
601,990,Click Here,https://naturesseed.com
602,990,Click Here,https://naturesseed.com
603,990,Click Here,https://naturesseed.com
604,990,Click Here,https://naturesseed.com
605,990,Click Here,https://naturesseed.com
606,990,Click Here,https://naturesseed.com
607,990,Click Here,https://naturesseed.com
608,990,Click Here,https://naturesseed.com
609,990,Click Here,https://naturesseed.com
610,990,Click Here,https://naturesseed.com
611,990,Click Here,https://naturesseed.com
612,990,Click Here,https://naturesseed.com
613,990,Click Here,https://naturesseed.com
614,990,Click Here,https://naturesseed.com
615,990,Click Here,https://naturesseed.com
616,990,Click Here,https://naturesseed.com
617,990,Click Here,https://naturesseed.com
618,990,Click Here,https://naturesseed.com
619,990,Click Here,https://naturesseed.com
620,990,Click Here,https://naturesseed.com
621,990,Click Here,https://naturesseed.com
622,990,Click Here,https://naturesseed.com
623,990,Click Here,https://naturesseed.com
624,990,Click Here,https://naturesseed.com
625,990,Click Here,https://naturesseed.com
626,990,Click Here,https://naturesseed.com
627,990,Click Here,https://naturesseed.com
628,990,Click Here,https://naturesseed.com
629,990,Click Here,https://naturesseed.com
630,990,Click Here,https://naturesseed.com
631,990,Click Here,https://naturesseed.com
632,990,Click Here,https://naturesseed.com
633,990,Click Here,https://naturesseed.com
634,990,Click Here,https://naturesseed.com
635,990,Click Here,https://naturesseed.com
636,990,Click Here,https://naturesseed.com
637,990,Click Here,https://naturesseed.com
638,990,Click Here,https://naturesseed.com
639,990,Click Here,https://naturesseed.com
640,990,Click Here,https://naturesseed.com
641,990,Click Here,https://naturesseed.com
642,990,Click Here,https://naturesseed.com
643,990,Click Here,https://naturesseed.com
644,990,Click Here,https://naturesseed.com
645,990,Click Here,https://naturesseed.com
646,990,Click Here,https://naturesseed.com
647,990,Click Here,https://naturesseed.com
648,990,Click Here,https://naturesseed.com
649,990,Click Here,https://naturesseed.com
650,990,Click Here,https://naturesseed.com
651,990,Click Here,https://naturesseed.com
652,990,Click Here,https://naturesseed.com
653,990,Click Here,https://naturesseed.com
654,990,Click Here,https://naturesseed.com
655,990,Click Here,https://naturesseed.com
656,990,Click Here,https://naturesseed.com
657,990,Click Here,https://naturesseed.com
658,990,Click Here,https://naturesseed.com
659,990,Click Here,https://naturesseed.com
660,990,Click Here,https://naturesseed.com
661,990,Click Here,https://naturesseed.com
662,990,Click Here,https://naturesseed.com
663,990,Click Here,https://naturesseed.com
664,990,Click Here,https://naturesseed.com
665,,contact us,/contact
666,,Get Jimmy Lewis Blue Ribbon Mix,https://naturesseed.com/grass-seed/kentucky-bluegrass/jimmys-blue-ribbon-premium-grass-seed-mix/
667,990,Click Here,https://naturesseed.com
668,990,Click Here,https://naturesseed.com
668,330,contact us,https://www.naturesseed.com/contact-us/
669,990,Click Here,https://naturesseed.com
670,990,Click Here,https://naturesseed.com
671,990,Click Here,https://naturesseed.com
671,,sheep fescue,/grass-seed/fescue-grass/sheep-fescue-grass/
672,990,Click Here,https://naturesseed.com
672,,California Habitat Mix,https://www.naturesseed.com/specialty-seed/habitat-mix/california-habitat-mix/
673,990,Click Here,https://naturesseed.com
673,,California Habitat Mix,https://www.naturesseed.com/specialty-seed/habitat-mix/california-habitat-mix/
674,990,Click Here,https://naturesseed.com
675,990,Click Here,https://naturesseed.com
676,990,Click Here,https://naturesseed.com
677,990,Click Here,https://naturesseed.com
678,990,Click Here,https://naturesseed.com
679,990,Click Here,https://naturesseed.com
680,990,Click Here,https://naturesseed.com
681,990,Click Here,https://naturesseed.com
682,990,Click Here,https://naturesseed.com
683,990,Click Here,https://naturesseed.com
685,990,Click Here,https://naturesseed.com
686,990,Click Here,https://naturesseed.com
686,330,contact us,https://www.naturesseed.com/contact-us/
687,990,Click Here,https://naturesseed.com
688,990,Click Here,https://naturesseed.com
689,990,Click Here,https://naturesseed.com
690,990,Click Here,https://naturesseed.com
691,990,Click Here,https://naturesseed.com
692,990,Click Here,https://naturesseed.com
693,990,Click Here,https://naturesseed.com
694,990,Click Here,https://naturesseed.com
695,990,Click Here,https://naturesseed.com
696,990,Click Here,https://naturesseed.com
697,990,Click Here,https://naturesseed.com
698,990,Click Here,https://naturesseed.com
699,990,Click Here,https://naturesseed.com
700,990,Click Here,https://naturesseed.com
701,990,Click Here,https://naturesseed.com
702,990,Click Here,https://naturesseed.com
703,990,Click Here,https://naturesseed.com
704,990,Click Here,https://naturesseed.com
705,990,Click Here,https://naturesseed.com
706,990,Click Here,https://naturesseed.com
707,990,Click Here,https://naturesseed.com
708,990,Click Here,https://naturesseed.com
709,990,Click Here,https://naturesseed.com
709,330,contact us,https://www.naturesseed.com/contact-us/
710,990,Click Here,https://naturesseed.com
711,990,Click Here,https://naturesseed.com
711,,sheep fescue,/grass-seed/fescue-grass/sheep-fescue-grass/
712,990,Click Here,https://naturesseed.com
713,990,Click Here,https://naturesseed.com
714,990,Click Here,https://naturesseed.com
715,990,Click Here,https://naturesseed.com
716,990,Click Here,https://naturesseed.com
717,990,Click Here,https://naturesseed.com
718,990,Click Here,https://naturesseed.com
718,,California Habitat Mix,https://www.naturesseed.com/specialty-seed/habitat-mix/california-habitat-mix/
719,990,Click Here,https://naturesseed.com
720,990,Click Here,https://naturesseed.com
720,,sheep fescue,/grass-seed/fescue-grass/sheep-fescue-grass/
721,990,Click Here,https://naturesseed.com
722,990,Click Here,https://naturesseed.com
722,,California Habitat Mix,https://www.naturesseed.com/specialty-seed/habitat-mix/california-habitat-mix/
723,990,Click Here,https://naturesseed.com
724,990,Click Here,https://naturesseed.com
725,990,Click Here,https://naturesseed.com
726,990,Click Here,https://naturesseed.com
727,990,Click Here,https://naturesseed.com
728,990,Click Here,https://naturesseed.com
729,990,Click Here,https://naturesseed.com
729,330,contact us,https://www.naturesseed.com/contact-us/
730,990,Click Here,https://naturesseed.com
731,990,Click Here,https://naturesseed.com
732,990,Click Here,https://naturesseed.com
734,990,Click Here,https://naturesseed.com
735,990,Click Here,https://naturesseed.com
736,990,Click Here,https://naturesseed.com
737,990,Click Here,https://naturesseed.com
739,990,Click Here,https://naturesseed.com
740,990,Click Here,https://naturesseed.com
741,990,Click Here,https://naturesseed.com
741,,Kentucky bluegrass,https://www.naturesseed.com/pasture-seed/individual-pasture-species/kentucky-bluegrass/
741,,perennial ryegrass seed,https://www.naturesseed.com/pasture-seed/individual-pasture-species/perennial-ryegrass/
741,330,Contact us,https://www.naturesseed.com/contact-us/
742,990,Click Here,https://naturesseed.com
743,990,Click Here,https://naturesseed.com
744,990,Click Here,https://naturesseed.com
745,990,Click Here,https://naturesseed.com
746,990,Click Here,https://naturesseed.com
747,990,Click Here,https://naturesseed.com
748,990,Click Here,https://naturesseed.com
749,990,Click Here,https://naturesseed.com
751,990,Click Here,https://naturesseed.com
752,330,contact us,https://www.naturesseed.com/contact-us/
753,990,Click Here,https://naturesseed.com
754,990,Click Here,https://naturesseed.com
755,990,Click Here,https://naturesseed.com
756,990,Click Here,https://naturesseed.com
757,990,Click Here,https://naturesseed.com
758,990,Click Here,https://naturesseed.com
759,990,Click Here,https://naturesseed.com
760,990,Click Here,https://naturesseed.com
761,990,Click Here,https://naturesseed.com
762,990,Click Here,https://naturesseed.com
762,330,contact us,https://www.naturesseed.com/contact-us/
763,990,Click Here,https://naturesseed.com
763,330,contact us,https://www.naturesseed.com/contact-us/
764,990,Click Here,https://naturesseed.com
764,330,contact us,https://www.naturesseed.com/contact-us/
765,990,Click Here,https://naturesseed.com
765,330,contact us,https://www.naturesseed.com/contact-us/
766,990,Click Here,https://naturesseed.com
766,330,contact us,https://www.naturesseed.com/contact-us/
767,990,Click Here,https://naturesseed.com
767,330,contact us,https://www.naturesseed.com/contact-us/
768,990,Click Here,https://naturesseed.com
768,330,contact us,https://www.naturesseed.com/contact-us/
769,990,Click Here,https://naturesseed.com
769,330,contact us,https://www.naturesseed.com/contact-us/
770,990,Click Here,https://naturesseed.com
771,990,Click Here,https://naturesseed.com
772,990,Click Here,https://naturesseed.com
773,990,Click Here,https://naturesseed.com
774,990,Click Here,https://naturesseed.com
775,,M-Binder Specification Sheet,/sites/naturesfinestseed.com/files/MBinder_Specification.pdf
775,,M-Binder Product Label,/sites/naturesfinestseed.com/files/MBinder_Label.pdf
775,,M-Binder Material Safety Data Sheet,/sites/naturesfinestseed.com/files/MBinder_MSDS.pdf
777,990,Click Here,https://naturesseed.com
778,990,Click Here,https://naturesseed.com
779,990,Click Here,https://naturesseed.com
780,990,Click Here,https://naturesseed.com
781,990,Click Here,https://naturesseed.com
782,990,Click Here,https://naturesseed.com
783,990,Click Here,https://naturesseed.com
784,990,Click Here,https://naturesseed.com
785,990,Click Here,https://naturesseed.com
786,990,Click Here,https://naturesseed.com
787,990,Click Here,https://naturesseed.com
788,990,Click Here,https://naturesseed.com
789,990,Click Here,https://naturesseed.com
790,990,Click Here,https://naturesseed.com
792,990,Click Here,https://naturesseed.com
793,990,Click Here,https://naturesseed.com
794,990,Click Here,https://naturesseed.com
794,330,contact us,https://www.naturesseed.com/contact-us/
795,990,Click Here,https://naturesseed.com
795,330,contact us,https://www.naturesseed.com/contact-us/
796,990,Click Here,https://naturesseed.com
796,330,contact us,https://www.naturesseed.com/contact-us/
797,990,Click Here,https://naturesseed.com
797,330,contact us,https://www.naturesseed.com/contact-us/
798,990,Click Here,https://naturesseed.com
798,330,contact us,https://www.naturesseed.com/contact-us/
799,990,Click Here,https://naturesseed.com
799,330,contact us,https://www.naturesseed.com/contact-us/
800,990,Click Here,https://naturesseed.com
800,330,contact us,https://www.naturesseed.com/contact-us/
801,990,Click Here,https://naturesseed.com
801,330,contact us,https://www.naturesseed.com/contact-us/
802,990,Click Here,https://naturesseed.com
802,330,contact us,https://www.naturesseed.com/contact-us/
803,990,Click Here,https://naturesseed.com
803,330,contact us,https://www.naturesseed.com/contact-us/
804,990,Click Here,https://naturesseed.com
804,330,contact us,https://www.naturesseed.com/contact-us/
805,990,Click Here,https://naturesseed.com
805,330,contact us,https://www.naturesseed.com/contact-us/
806,990,Click Here,https://naturesseed.com
806,330,contact us,https://www.naturesseed.com/contact-us/
807,990,Click Here,https://naturesseed.com
807,330,contact us,https://www.naturesseed.com/contact-us/
808,990,Click Here,https://naturesseed.com
808,330,contact us,https://www.naturesseed.com/contact-us/
809,990,Click Here,https://naturesseed.com
809,330,contact us,https://www.naturesseed.com/contact-us/
810,990,Click Here,https://naturesseed.com
810,330,contact us,https://www.naturesseed.com/contact-us/
811,990,Click Here,https://naturesseed.com
811,330,contact us,https://www.naturesseed.com/contact-us/
812,990,Click Here,https://naturesseed.com
812,330,contact us,https://www.naturesseed.com/contact-us/
813,990,Click Here,https://naturesseed.com
813,330,contact us,https://www.naturesseed.com/contact-us/
814,990,Click Here,https://naturesseed.com
814,330,contact us,https://www.naturesseed.com/contact-us/
815,990,Click Here,https://naturesseed.com
815,330,contact us,https://www.naturesseed.com/contact-us/
816,990,Click Here,https://naturesseed.com
816,330,contact us,https://www.naturesseed.com/contact-us/
817,990,Click Here,https://naturesseed.com
817,330,contact us,https://www.naturesseed.com/contact-us/
818,990,Click Here,https://naturesseed.com
818,330,contact us,https://www.naturesseed.com/contact-us/
819,990,Click Here,https://naturesseed.com
819,330,contact us,https://www.naturesseed.com/contact-us/
820,990,Click Here,https://naturesseed.com
820,330,contact us,https://www.naturesseed.com/contact-us/
821,990,Click Here,https://naturesseed.com
822,990,Click Here,https://naturesseed.com
823,990,Click Here,https://naturesseed.com
824,990,Click Here,https://naturesseed.com
825,990,Click Here,https://naturesseed.com
826,990,Click Here,https://naturesseed.com
827,990,Click Here,https://naturesseed.com
828,990,Click Here,https://naturesseed.com
829,990,Click Here,https://naturesseed.com
830,990,Click Here,https://naturesseed.com
831,990,Click Here,https://naturesseed.com
832,990,Click Here,https://naturesseed.com
833,990,Click Here,https://naturesseed.com
835,990,Visit our new collection at naturesseed.com,https://naturesseed.com
836,990,Click Here,https://naturesseed.com
837,990,Click Here,https://naturesseed.com
838,990,Click Here,https://naturesseed.com
839,990,Click Here,https://naturesseed.com
840,990,Click Here,https://naturesseed.com
841,990,Click Here,https://naturesseed.com
842,990,Click Here,https://naturesseed.com
843,990,Click Here,https://naturesseed.com
843,,HERE.,https://www.naturesseed.com/grass-seed/perennial-ryegrass/perennial-ryegrass-seed-blend/
844,990,Click Here,https://naturesseed.com
845,990,Click Here,https://naturesseed.com
846,990,Click Here,https://naturesseed.com
847,990,Click Here,https://naturesseed.com
848,990,Click Here,https://naturesseed.com
849,990,Click Here,https://naturesseed.com
850,990,Click Here,https://naturesseed.com
851,990,Click Here,https://naturesseed.com
852,990,Click Here,https://naturesseed.com
853,990,Click Here,https://naturesseed.com
854,990,Click Here,https://naturesseed.com
854,330,contact us,https://www.naturesseed.com/contact-us/
855,990,Click Here,https://naturesseed.com
855,330,contact us,https://www.naturesseed.com/contact-us/
856,990,Click Here,https://naturesseed.com
856,330,contact us,https://www.naturesseed.com/contact-us/
857,990,Click Here,https://naturesseed.com
857,330,contact us,https://www.naturesseed.com/contact-us/
858,990,Click Here,https://naturesseed.com
858,330,contact us,https://www.naturesseed.com/contact-us/
859,990,Click Here,https://naturesseed.com
859,330,contact us,https://www.naturesseed.com/contact-us/
860,990,Click Here,https://naturesseed.com
860,330,contact us,https://www.naturesseed.com/contact-us/
861,990,Click Here,https://naturesseed.com
861,330,contact us,https://www.naturesseed.com/contact-us/
862,990,Click Here,https://naturesseed.com
862,330,contact us,https://www.naturesseed.com/contact-us/
863,990,Click Here,https://naturesseed.com
863,330,contact us,https://www.naturesseed.com/contact-us/
864,990,Click Here,https://naturesseed.com
864,330,contact us,https://www.naturesseed.com/contact-us/
865,990,Click Here,https://naturesseed.com
865,330,contact us,https://www.naturesseed.com/contact-us/
866,990,Click Here,https://naturesseed.com
867,990,Click Here,https://naturesseed.com
868,990,Click Here,https://naturesseed.com
869,990,Click Here,https://naturesseed.com
870,990,Click Here,https://naturesseed.com
871,990,Click Here,https://naturesseed.com
872,990,Click Here,https://naturesseed.com
873,990,Click Here,https://naturesseed.com
874,990,Click Here,https://naturesseed.com
875,990,Click Here,https://naturesseed.com
876,990,Click Here,https://naturesseed.com
877,990,Click Here,https://naturesseed.com
878,990,Click Here,https://naturesseed.com
878,330,contact us,https://www.naturesseed.com/contact-us/
879,990,Click Here,https://naturesseed.com
879,330,contact us,https://www.naturesseed.com/contact-us/
880,990,Click Here,https://naturesseed.com
880,330,contact us,https://www.naturesseed.com/contact-us/
881,990,Click Here,https://naturesseed.com
881,330,contact us,https://www.naturesseed.com/contact-us/
882,330,contact us,https://www.naturesseed.com/contact-us/
883,330,contact us,https://www.naturesseed.com/contact-us/
884,990,Click Here,https://naturesseed.com
884,,dairy cow pasture,https://www.naturesseed.com/pasture-seed/cattle-pastures/dairy-cow-forage/
884,330,contact us,https://www.naturesseed.com/contact-us/
885,990,Click Here,https://naturesseed.com
886,990,Click Here,https://naturesseed.com
886,330,contact us,https://www.naturesseed.com/contact-us/
887,990,Click Here,https://naturesseed.com
887,330,contact us,https://www.naturesseed.com/contact-us/
888,990,Click Here,https://naturesseed.com
888,330,contact us,https://www.naturesseed.com/contact-us/
889,990,Click Here,https://naturesseed.com
889,330,contact us,https://www.naturesseed.com/contact-us/
890,990,Click Here,https://naturesseed.com
890,330,contact us,https://www.naturesseed.com/contact-us/
891,990,Click Here,https://naturesseed.com
891,330,contact us,https://www.naturesseed.com/contact-us/
892,990,Click Here,https://naturesseed.com
892,330,contact us,https://www.naturesseed.com/contact-us/
893,990,Click Here,https://naturesseed.com
893,330,contact us,https://www.naturesseed.com/contact-us/
894,990,Click Here,https://naturesseed.com
894,330,contact us,https://www.naturesseed.com/contact-us/
895,990,Click Here,https://naturesseed.com
895,330,contact us,https://www.naturesseed.com/contact-us/
896,990,Click Here,https://naturesseed.com
896,330,contact us,https://www.naturesseed.com/contact-us/
897,990,Click Here,https://naturesseed.com
897,330,contact us,https://www.naturesseed.com/contact-us/
898,990,Click Here,https://naturesseed.com
898,330,contact us,https://www.naturesseed.com/contact-us/
899,990,Click Here,https://naturesseed.com
899,330,contact us,https://www.naturesseed.com/contact-us/
900,990,Click Here,https://naturesseed.com
900,,dairy cow pasture,https://www.naturesseed.com/pasture-seed/cattle-pastures/dairy-cow-forage/
900,330,contact us,https://www.naturesseed.com/contact-us/
901,990,Click Here,https://naturesseed.com
901,,dairy cow pasture,https://www.naturesseed.com/pasture-seed/cattle-pastures/dairy-cow-forage/
901,330,contact us,https://www.naturesseed.com/contact-us/
902,990,Click Here,https://naturesseed.com
902,,dairy cow pasture,https://www.naturesseed.com/pasture-seed/cattle-pastures/dairy-cow-forage/
902,330,contact us,https://www.naturesseed.com/contact-us/
903,990,Click Here,https://naturesseed.com
903,,pasture grass,https://www.naturesseed.com/pasture-seed/
903,330,contact us,https://www.naturesseed.com/contact-us/
904,990,Click Here,https://naturesseed.com
904,330,contact us,https://www.naturesseed.com/contact-us/
905,990,Click Here,https://naturesseed.com
905,330,contact us,https://www.naturesseed.com/contact-us/
906,990,Click Here,https://naturesseed.com
906,330,contact us,https://www.naturesseed.com/contact-us/
907,990,Click Here,https://naturesseed.com
907,330,contact us,https://www.naturesseed.com/contact-us/
908,990,Click Here,https://naturesseed.com
908,330,contact us,https://www.naturesseed.com/contact-us/
909,990,Click Here,https://naturesseed.com
909,330,contact us,https://www.naturesseed.com/contact-us/
910,990,Click Here,https://naturesseed.com
910,,pasture grass,https://www.naturesseed.com/pasture-seed/
910,330,contact us,https://www.naturesseed.com/contact-us/
911,990,Click Here,https://naturesseed.com
911,330,contact us,https://www.naturesseed.com/contact-us/
912,990,Click Here,https://naturesseed.com
912,330,contact us,https://www.naturesseed.com/contact-us/
913,990,Click Here,https://naturesseed.com
913,330,contact us,https://www.naturesseed.com/contact-us/
914,990,Click Here,https://naturesseed.com
914,330,contact us,https://www.naturesseed.com/contact-us/
915,990,Click Here,https://naturesseed.com
916,990,Click Here,https://naturesseed.com
917,990,Click Here,https://naturesseed.com
918,990,Click Here,https://naturesseed.com
919,990,Click Here,https://naturesseed.com
920,990,Click Here,https://naturesseed.com
921,990,Click Here,https://naturesseed.com
922,990,Click Here,https://naturesseed.com
923,990,Click Here,https://naturesseed.com
924,990,Click Here,https://naturesseed.com
925,990,Click Here,https://naturesseed.com
926,990,Click Here,https://naturesseed.com
927,990,Click Here,https://naturesseed.com
928,990,Click Here,https://naturesseed.com
929,990,Click Here,https://naturesseed.com
930,990,Click Here,https://naturesseed.com
931,990,Click Here,https://naturesseed.com
932,990,Click Here,https://naturesseed.com
933,990,Click Here,https://naturesseed.com
934,990,Click Here,https://naturesseed.com
934,330,contact Nature's Seed,https://www.naturesseed.com/contact-us/
935,990,Click Here,https://naturesseed.com
936,990,Click Here,https://naturesseed.com
937,990,Click Here,https://naturesseed.com
938,990,Click Here,https://naturesseed.com
939,990,Click Here,https://naturesseed.com
940,990,Click Here,https://naturesseed.com
940,330,contact us,https://www.naturesseed.com/contact-us/
941,990,Click Here,https://naturesseed.com
942,990,Click Here,https://naturesseed.com
943,990,Click Here,https://naturesseed.com
944,990,Click Here,https://naturesseed.com
945,990,Click Here,https://naturesseed.com
946,990,Click Here,https://naturesseed.com
947,990,Click Here,https://naturesseed.com
948,990,Click Here,https://naturesseed.com
949,990,Click Here,https://naturesseed.com
950,990,Click Here,https://naturesseed.com
951,990,Order your mix today,https://naturesseed.com
953,990,Click Here,https://naturesseed.com
953,,sheep fescue,https://www.naturesseed.com/grass-seed/fescue-grass/sheep-fescue-grass/
954,990,Click Here,https://naturesseed.com
954,330,contact us,https://www.naturesseed.com/contact-us/
955,990,Click Here,https://naturesseed.com
955,330,contact us,https://www.naturesseed.com/contact-us/
956,990,Click Here,https://naturesseed.com
956,330,contact us,https://www.naturesseed.com/contact-us/
957,990,Click Here,https://naturesseed.com
957,330,contact us,https://www.naturesseed.com/contact-us/
958,990,Click Here,https://naturesseed.com
958,330,contact us,https://www.naturesseed.com/contact-us/
959,990,Click Here,https://naturesseed.com
959,330,contact us,https://www.naturesseed.com/contact-us/
960,990,Click Here,https://naturesseed.com
960,330,contact us,https://www.naturesseed.com/contact-us/
961,990,Click Here,https://naturesseed.com
961,330,contact us,https://www.naturesseed.com/contact-us/
962,990,Click Here,https://naturesseed.com
964,,Suståne 4-6-4 Specifications,/sites/naturesfinestseed.com/files/Sustane4-6-4_Specification.pdf
964,,Suståne 4-6-4 Label,/sites/naturesfinestseed.com/files/Sustane4-6-4_Label.pdf
964,,Suståne 4-6-4 Material Safety Data Sheet,/sites/naturesfinestseed.com/files/Sustane4-6-4_MSDS.pdf
967,990,Click Here,https://naturesseed.com
967,,Image Source,https://www.naturesseed.com/grass-seed/clover-seeds-lawn-additive/white-dutch-clover/
967,,pastures,https://www.naturesseed.com/pasture-seed/
968,990,Click Here,https://naturesseed.com
968,,sheep fescue,https://naturesseed.com/grass-seed/fescue-grass/sheep-fescue-grass/
968,330,contact us,https://www.naturesseed.com/contact-us/
969,990,Click Here,https://naturesseed.com
969,,sheep fescue,https://www.naturesseed.com/grass-seed/fescue-grass/sheep-fescue-grass/
970,990,Click Here,https://naturesseed.com
970,,sheep fescue,/grass-seed/fescue-grass/sheep-fescue-grass/
971,990,Click Here,https://naturesseed.com
971,,sheep fescue,https://www.naturesseed.com/grass-seed/fescue-grass/sheep-fescue-grass/
973,990,Click Here,https://naturesseed.com
973,,sheep fescue,https://www.naturesseed.com/grass-seed/fescue-grass/sheep-fescue-grass/
974,990,Click Here,https://naturesseed.com
974,,sheep fescue,https://naturesseed.com/grass-seed/fescue-grass/sheep-fescue-grass/
974,330,contact us,https://www.naturesseed.com/contact-us/
975,990,Click Here,https://naturesseed.com
975,,sheep fescue,https://www.naturesseed.com/grass-seed/fescue-grass/sheep-fescue-grass/
976,990,Click Here,https://naturesseed.com
976,,sheep fescue,https://www.naturesseed.com/grass-seed/fescue-grass/sheep-fescue-grass/
977,990,Click Here,https://naturesseed.com
977,,sheep fescue,/grass-seed/fescue-grass/sheep-fescue-grass/
978,990,Click Here,https://naturesseed.com
978,,sheep fescue,/grass-seed/fescue-grass/sheep-fescue-grass/
980,990,Click Here,https://naturesseed.com
980,330,Contact us,https://www.naturesseed.com/contact-us/
981,990,Click Here,https://naturesseed.com
982,990,Click Here,https://naturesseed.com
983,990,Click Here,https://naturesseed.com
984,990,Click Here,https://naturesseed.com
985,990,Click Here,https://naturesseed.com
986,990,Click Here,https://naturesseed.com
986,330,contact us,https://www.naturesseed.com/contact-us/
987,990,Click Here,https://naturesseed.com
987,,fescue blend,https://www.naturesseed.com/grass-seed/fescue-grass/
987,990,Seed Selector™ Tool,https://www.naturesseed.com/
988,990,Click Here,https://naturesseed.com
990,990,Click Here,https://naturesseed.com
990,,premium-quality grass seed,https://www.naturesseed.com/grass-seed/
990,,planted,https://www.naturesseed.com/grass-seed/kentucky-bluegrass/how-to-plant-and-grow/
990,,thrives when planted,https://www.naturesseed.com/grass-seed/perennial-ryegrass/how-to-plant-and-grow/
990,330,talk to us,https://www.naturesseed.com/contact-us/
